SKU,Nombre,Marca,Almacén,Stock,Precio base USD
SKU0000,Producto 0,Marca,Almacén,10,5.0
SKU0001,Producto 1,Marca,Almacén,10,5.0
SKU0002,Producto 2,Marca,Almacén,10,5.0
SKU0003,Producto 3,Marca,Almacén,10,5.0
SKU0004,Producto 4,Marca,Almacén,10,5.0
SKU0005,Producto 5,Marca,Almacén,10,5.0
SKU0006,Producto 6,Marca,Almacén,10,5.0
SKU0007,Producto 7,Marca,Almacén,10,5.0
SKU0008,Producto 8,Marca,Almacén,10,5.0
SKU0009,Producto 9,Marca,Almacén,10,5.0
SKU0010,Producto 10,Marca,Almacén,10,5.0
SKU0011,Producto 11,Marca,Almacén,10,5.0
SKU0012,Producto 12,Marca,Almacén,10,5.0
SKU0013,Producto 13,Marca,Almacén,10,5.0
SKU0014,Producto 14,Marca,Almacén,10,5.0
SKU0015,Producto 15,Marca,Almacén,10,5.0
SKU0016,Producto 16,Marca,Almacén,10,5.0
SKU0017,Producto 17,Marca,Almacén,10,5.0
SKU0018,Producto 18,Marca,Almacén,10,5.0
SKU0019,Producto 19,Marca,Almacén,10,5.0
SKU0020,Producto 20,Marca,Almacén,10,5.0
SKU0021,Producto 21,Marca,Almacén,10,5.0
SKU0022,Producto 22,Marca,Almacén,10,5.0
SKU0023,Producto 23,Marca,Almacén,10,5.0
SKU0024,Producto 24,Marca,Almacén,10,5.0
SKU0025,Producto 25,Marca,Almacén,10,5.0
SKU0026,Producto 26,Marca,Almacén,10,5.0
SKU0027,Producto 27,Marca,Almacén,10,5.0
SKU0028,Producto 28,Marca,Almacén,10,5.0
SKU0029,Producto 29,Marca,Almacén,10,5.0
SKU0030,Producto 30,Marca,Almacén,10,5.0
SKU0031,Producto 31,Marca,Almacén,10,5.0
SKU0032,Producto 32,Marca,Almacén,10,5.0
SKU0033,Producto 33,Marca,Almacén,10,5.0
SKU0034,Producto 34,Marca,Almacén,10,5.0
SKU0035,Producto 35,Marca,Almacén,10,5.0
SKU0036,Producto 36,Marca,Almacén,10,5.0
SKU0037,Producto 37,Marca,Almacén,10,5.0
SKU0038,Producto 38,Marca,Almacén,10,5.0
SKU0039,Producto 39,Marca,Almacén,10,5.0
SKU0040,Producto 40,Marca,Almacén,10,5.0
SKU0041,Producto 41,Marca,Almacén,10,5.0
SKU0042,Producto 42,Marca,Almacén,10,5.0
SKU0043,Producto 43,Marca,Almacén,10,5.0
SKU0044,Producto 44,Marca,Almacén,10,5.0
SKU0045,Producto 45,Marca,Almacén,10,5.0
SKU0046,Producto 46,Marca,Almacén,10,5.0
SKU0047,Producto 47,Marca,Almacén,10,5.0
SKU0048,Producto 48,Marca,Almacén,10,5.0
SKU0049,Producto 49,Marca,Almacén,10,5.0
SKU0050,Producto 50,Marca,Almacén,10,5.0
SKU0051,Producto 51,Marca,Almacén,10,5.0
SKU0052,Producto 52,Marca,Almacén,10,5.0
SKU0053,Producto 53,Marca,Almacén,10,5.0
SKU0054,Producto 54,Marca,Almacén,10,5.0
SKU0055,Producto 55,Marca,Almacén,10,5.0
SKU0056,Producto 56,Marca,Almacén,10,5.0
SKU0057,Producto 57,Marca,Almacén,10,5.0
SKU0058,Producto 58,Marca,Almacén,10,5.0
SKU0059,Producto 59,Marca,Almacén,10,5.0
SKU0060,Producto 60,Marca,Almacén,10,5.0
SKU0061,Producto 61,Marca,Almacén,10,5.0
SKU0062,Producto 62,Marca,Almacén,10,5.0
SKU0063,Producto 63,Marca,Almacén,10,5.0
SKU0064,Producto 64,Marca,Almacén,10,5.0
SKU0065,Producto 65,Marca,Almacén,10,5.0
SKU0066,Producto 66,Marca,Almacén,10,5.0
SKU0067,Producto 67,Marca,Almacén,10,5.0
SKU0068,Producto 68,Marca,Almacén,10,5.0
SKU0069,Producto 69,Marca,Almacén,10,5.0
SKU0070,Producto 70,Marca,Almacén,10,5.0
SKU0071,Producto 71,Marca,Almacén,10,5.0
SKU0072,Producto 72,Marca,Almacén,10,5.0
SKU0073,Producto 73,Marca,Almacén,10,5.0
SKU0074,Producto 74,Marca,Almacén,10,5.0
SKU0075,Producto 75,Marca,Almacén,10,5.0
SKU0076,Producto 76,Marca,Almacén,10,5.0
SKU0077,Producto 77,Marca,Almacén,10,5.0
SKU0078,Producto 78,Marca,Almacén,10,5.0
SKU0079,Producto 79,Marca,Almacén,10,5.0
SKU0080,Producto 80,Marca,Almacén,10,5.0
SKU0081,Producto 81,Marca,Almacén,10,5.0
SKU0082,Producto 82,Marca,Almacén,10,5.0
SKU0083,Producto 83,Marca,Almacén,10,5.0
SKU0084,Producto 84,Marca,Almacén,10,5.0
SKU0085,Producto 85,Marca,Almacén,10,5.0
SKU0086,Producto 86,Marca,Almacén,10,5.0
SKU0087,Producto 87,Marca,Almacén,10,5.0
SKU0088,Producto 88,Marca,Almacén,10,5.0
SKU0089,Producto 89,Marca,Almacén,10,5.0
SKU0090,Producto 90,Marca,Almacén,10,5.0
SKU0091,Producto 91,Marca,Almacén,10,5.0
SKU0092,Producto 92,Marca,Almacén,10,5.0
SKU0093,Producto 93,Marca,Almacén,10,5.0
SKU0094,Producto 94,Marca,Almacén,10,5.0
SKU0095,Producto 95,Marca,Almacén,10,5.0
SKU0096,Producto 96,Marca,Almacén,10,5.0
SKU0097,Producto 97,Marca,Almacén,10,5.0
SKU0098,Producto 98,Marca,Almacén,10,5.0
SKU0099,Producto 99,Marca,Almacén,10,5.0
SKU0100,Producto 100,Marca,Almacén,10,5.0
SKU0101,Producto 101,Marca,Almacén,10,5.0
SKU0102,Producto 102,Marca,Almacén,10,5.0
SKU0103,Producto 103,Marca,Almacén,10,5.0
SKU0104,Producto 104,Marca,Almacén,10,5.0
SKU0105,Producto 105,Marca,Almacén,10,5.0
SKU0106,Producto 106,Marca,Almacén,10,5.0
SKU0107,Producto 107,Marca,Almacén,10,5.0
SKU0108,Producto 108,Marca,Almacén,10,5.0
SKU0109,Producto 109,Marca,Almacén,10,5.0
SKU0110,Producto 110,Marca,Almacén,10,5.0
SKU0111,Producto 111,Marca,Almacén,10,5.0
SKU0112,Producto 112,Marca,Almacén,10,5.0
SKU0113,Producto 113,Marca,Almacén,10,5.0
SKU0114,Producto 114,Marca,Almacén,10,5.0
SKU0115,Producto 115,Marca,Almacén,10,5.0
SKU0116,Producto 116,Marca,Almacén,10,5.0
SKU0117,Producto 117,Marca,Almacén,10,5.0
SKU0118,Producto 118,Marca,Almacén,10,5.0
SKU0119,Producto 119,Marca,Almacén,10,5.0
SKU0120,Producto 120,Marca,Almacén,10,5.0
SKU0121,Producto 121,Marca,Almacén,10,5.0
SKU0122,Producto 122,Marca,Almacén,10,5.0
SKU0123,Producto 123,Marca,Almacén,10,5.0
SKU0124,Producto 124,Marca,Almacén,10,5.0
SKU0125,Producto 125,Marca,Almacén,10,5.0
SKU0126,Producto 126,Marca,Almacén,10,5.0
SKU0127,Producto 127,Marca,Almacén,10,5.0
SKU0128,Producto 128,Marca,Almacén,10,5.0
SKU0129,Producto 129,Marca,Almacén,10,5.0
SKU0130,Producto 130,Marca,Almacén,10,5.0
SKU0131,Producto 131,Marca,Almacén,10,5.0
SKU0132,Producto 132,Marca,Almacén,10,5.0
SKU0133,Producto 133,Marca,Almacén,10,5.0
SKU0134,Producto 134,Marca,Almacén,10,5.0
SKU0135,Producto 135,Marca,Almacén,10,5.0
SKU0136,Producto 136,Marca,Almacén,10,5.0
SKU0137,Producto 137,Marca,Almacén,10,5.0
SKU0138,Producto 138,Marca,Almacén,10,5.0
SKU0139,Producto 139,Marca,Almacén,10,5.0
SKU0140,Producto 140,Marca,Almacén,10,5.0
SKU0141,Producto 141,Marca,Almacén,10,5.0
SKU0142,Producto 142,Marca,Almacén,10,5.0
SKU0143,Producto 143,Marca,Almacén,10,5.0
SKU0144,Producto 144,Marca,Almacén,10,5.0
SKU0145,Producto 145,Marca,Almacén,10,5.0
SKU0146,Producto 146,Marca,Almacén,10,5.0
SKU0147,Producto 147,Marca,Almacén,10,5.0
SKU0148,Producto 148,Marca,Almacén,10,5.0
SKU0149,Producto 149,Marca,Almacén,10,5.0
SKU0150,Producto 150,Marca,Almacén,10,5.0
SKU0151,Producto 151,Marca,Almacén,10,5.0
SKU0152,Producto 152,Marca,Almacén,10,5.0
SKU0153,Producto 153,Marca,Almacén,10,5.0
SKU0154,Producto 154,Marca,Almacén,10,5.0
SKU0155,Producto 155,Marca,Almacén,10,5.0
SKU0156,Producto 156,Marca,Almacén,10,5.0
SKU0157,Producto 157,Marca,Almacén,10,5.0
SKU0158,Producto 158,Marca,Almacén,10,5.0
SKU0159,Producto 159,Marca,Almacén,10,5.0
SKU0160,Producto 160,Marca,Almacén,10,5.0
SKU0161,Producto 161,Marca,Almacén,10,5.0
SKU0162,Producto 162,Marca,Almacén,10,5.0
SKU0163,Producto 163,Marca,Almacén,10,5.0
SKU0164,Producto 164,Marca,Almacén,10,5.0
SKU0165,Producto 165,Marca,Almacén,10,5.0
SKU0166,Producto 166,Marca,Almacén,10,5.0
SKU0167,Producto 167,Marca,Almacén,10,5.0
SKU0168,Producto 168,Marca,Almacén,10,5.0
SKU0169,Producto 169,Marca,Almacén,10,5.0
SKU0170,Producto 170,Marca,Almacén,10,5.0
SKU0171,Producto 171,Marca,Almacén,10,5.0
SKU0172,Producto 172,Marca,Almacén,10,5.0
SKU0173,Producto 173,Marca,Almacén,10,5.0
SKU0174,Producto 174,Marca,Almacén,10,5.0
SKU0175,Producto 175,Marca,Almacén,10,5.0
SKU0176,Producto 176,Marca,Almacén,10,5.0
SKU0177,Producto 177,Marca,Almacén,10,5.0
SKU0178,Producto 178,Marca,Almacén,10,5.0
SKU0179,Producto 179,Marca,Almacén,10,5.0
SKU0180,Producto 180,Marca,Almacén,10,5.0
SKU0181,Producto 181,Marca,Almacén,10,5.0
SKU0182,Producto 182,Marca,Almacén,10,5.0
SKU0183,Producto 183,Marca,Almacén,10,5.0
SKU0184,Producto 184,Marca,Almacén,10,5.0
SKU0185,Producto 185,Marca,Almacén,10,5.0
SKU0186,Producto 186,Marca,Almacén,10,5.0
SKU0187,Producto 187,Marca,Almacén,10,5.0
SKU0188,Producto 188,Marca,Almacén,10,5.0
SKU0189,Producto 189,Marca,Almacén,10,5.0
SKU0190,Producto 190,Marca,Almacén,10,5.0
SKU0191,Producto 191,Marca,Almacén,10,5.0
SKU0192,Producto 192,Marca,Almacén,10,5.0
SKU0193,Producto 193,Marca,Almacén,10,5.0
SKU0194,Producto 194,Marca,Almacén,10,5.0
SKU0195,Producto 195,Marca,Almacén,10,5.0
SKU0196,Producto 196,Marca,Almacén,10,5.0
SKU0197,Producto 197,Marca,Almacén,10,5.0
SKU0198,Producto 198,Marca,Almacén,10,5.0
SKU0199,Producto 199,Marca,Almacén,10,5.0
SKU0200,Producto 200,Marca,Almacén,10,5.0
SKU0201,Producto 201,Marca,Almacén,10,5.0
SKU0202,Producto 202,Marca,Almacén,10,5.0
SKU0203,Producto 203,Marca,Almacén,10,5.0
SKU0204,Producto 204,Marca,Almacén,10,5.0
SKU0205,Producto 205,Marca,Almacén,10,5.0
SKU0206,Producto 206,Marca,Almacén,10,5.0
SKU0207,Producto 207,Marca,Almacén,10,5.0
SKU0208,Producto 208,Marca,Almacén,10,5.0
SKU0209,Producto 209,Marca,Almacén,10,5.0
SKU0210,Producto 210,Marca,Almacén,10,5.0
SKU0211,Producto 211,Marca,Almacén,10,5.0
SKU0212,Producto 212,Marca,Almacén,10,5.0
SKU0213,Producto 213,Marca,Almacén,10,5.0
SKU0214,Producto 214,Marca,Almacén,10,5.0
SKU0215,Producto 215,Marca,Almacén,10,5.0
SKU0216,Producto 216,Marca,Almacén,10,5.0
SKU0217,Producto 217,Marca,Almacén,10,5.0
SKU0218,Producto 218,Marca,Almacén,10,5.0
SKU0219,Producto 219,Marca,Almacén,10,5.0
SKU0220,Producto 220,Marca,Almacén,10,5.0
SKU0221,Producto 221,Marca,Almacén,10,5.0
SKU0222,Producto 222,Marca,Almacén,10,5.0
SKU0223,Producto 223,Marca,Almacén,10,5.0
SKU0224,Producto 224,Marca,Almacén,10,5.0
SKU0225,Producto 225,Marca,Almacén,10,5.0
SKU0226,Producto 226,Marca,Almacén,10,5.0
SKU0227,Producto 227,Marca,Almacén,10,5.0
SKU0228,Producto 228,Marca,Almacén,10,5.0
SKU0229,Producto 229,Marca,Almacén,10,5.0
SKU0230,Producto 230,Marca,Almacén,10,5.0
SKU0231,Producto 231,Marca,Almacén,10,5.0
SKU0232,Producto 232,Marca,Almacén,10,5.0
SKU0233,Producto 233,Marca,Almacén,10,5.0
SKU0234,Producto 234,Marca,Almacén,10,5.0
SKU0235,Producto 235,Marca,Almacén,10,5.0
SKU0236,Producto 236,Marca,Almacén,10,5.0
SKU0237,Producto 237,Marca,Almacén,10,5.0
SKU0238,Producto 238,Marca,Almacén,10,5.0
SKU0239,Producto 239,Marca,Almacén,10,5.0
SKU0240,Producto 240,Marca,Almacén,10,5.0
SKU0241,Producto 241,Marca,Almacén,10,5.0
SKU0242,Producto 242,Marca,Almacén,10,5.0
SKU0243,Producto 243,Marca,Almacén,10,5.0
SKU0244,Producto 244,Marca,Almacén,10,5.0
SKU0245,Producto 245,Marca,Almacén,10,5.0
SKU0246,Producto 246,Marca,Almacén,10,5.0
SKU0247,Producto 247,Marca,Almacén,10,5.0
SKU0248,Producto 248,Marca,Almacén,10,5.0
SKU0249,Producto 249,Marca,Almacén,10,5.0
SKU0250,Producto 250,Marca,Almacén,10,5.0
SKU0251,Producto 251,Marca,Almacén,10,5.0
SKU0252,Producto 252,Marca,Almacén,10,5.0
SKU0253,Producto 253,Marca,Almacén,10,5.0
SKU0254,Producto 254,Marca,Almacén,10,5.0
SKU0255,Producto 255,Marca,Almacén,10,5.0
SKU0256,Producto 256,Marca,Almacén,10,5.0
SKU0257,Producto 257,Marca,Almacén,10,5.0
SKU0258,Producto 258,Marca,Almacén,10,5.0
SKU0259,Producto 259,Marca,Almacén,10,5.0
SKU0260,Producto 260,Marca,Almacén,10,5.0
SKU0261,Producto 261,Marca,Almacén,10,5.0
SKU0262,Producto 262,Marca,Almacén,10,5.0
SKU0263,Producto 263,Marca,Almacén,10,5.0
SKU0264,Producto 264,Marca,Almacén,10,5.0
SKU0265,Producto 265,Marca,Almacén,10,5.0
SKU0266,Producto 266,Marca,Almacén,10,5.0
SKU0267,Producto 267,Marca,Almacén,10,5.0
SKU0268,Producto 268,Marca,Almacén,10,5.0
SKU0269,Producto 269,Marca,Almacén,10,5.0
SKU0270,Producto 270,Marca,Almacén,10,5.0
SKU0271,Producto 271,Marca,Almacén,10,5.0
SKU0272,Producto 272,Marca,Almacén,10,5.0
SKU0273,Producto 273,Marca,Almacén,10,5.0
SKU0274,Producto 274,Marca,Almacén,10,5.0
SKU0275,Producto 275,Marca,Almacén,10,5.0
SKU0276,Producto 276,Marca,Almacén,10,5.0
SKU0277,Producto 277,Marca,Almacén,10,5.0
SKU0278,Producto 278,Marca,Almacén,10,5.0
SKU0279,Producto 279,Marca,Almacén,10,5.0
SKU0280,Producto 280,Marca,Almacén,10,5.0
SKU0281,Producto 281,Marca,Almacén,10,5.0
SKU0282,Producto 282,Marca,Almacén,10,5.0
SKU0283,Producto 283,Marca,Almacén,10,5.0
SKU0284,Producto 284,Marca,Almacén,10,5.0
SKU0285,Producto 285,Marca,Almacén,10,5.0
SKU0286,Producto 286,Marca,Almacén,10,5.0
SKU0287,Producto 287,Marca,Almacén,10,5.0
SKU0288,Producto 288,Marca,Almacén,10,5.0
SKU0289,Producto 289,Marca,Almacén,10,5.0
SKU0290,Producto 290,Marca,Almacén,10,5.0
SKU0291,Producto 291,Marca,Almacén,10,5.0
SKU0292,Producto 292,Marca,Almacén,10,5.0
SKU0293,Producto 293,Marca,Almacén,10,5.0
SKU0294,Producto 294,Marca,Almacén,10,5.0
SKU0295,Producto 295,Marca,Almacén,10,5.0
SKU0296,Producto 296,Marca,Almacén,10,5.0
SKU0297,Producto 297,Marca,Almacén,10,5.0
SKU0298,Producto 298,Marca,Almacén,10,5.0
SKU0299,Producto 299,Marca,Almacén,10,5.0
SKU0300,Producto 300,Marca,Almacén,10,5.0
SKU0301,Producto 301,Marca,Almacén,10,5.0
SKU0302,Producto 302,Marca,Almacén,10,5.0
SKU0303,Producto 303,Marca,Almacén,10,5.0
SKU0304,Producto 304,Marca,Almacén,10,5.0
SKU0305,Producto 305,Marca,Almacén,10,5.0
SKU0306,Producto 306,Marca,Almacén,10,5.0
SKU0307,Producto 307,Marca,Almacén,10,5.0
SKU0308,Producto 308,Marca,Almacén,10,5.0
SKU0309,Producto 309,Marca,Almacén,10,5.0
SKU0310,Producto 310,Marca,Almacén,10,5.0
SKU0311,Producto 311,Marca,Almacén,10,5.0
SKU0312,Producto 312,Marca,Almacén,10,5.0
SKU0313,Producto 313,Marca,Almacén,10,5.0
SKU0314,Producto 314,Marca,Almacén,10,5.0
SKU0315,Producto 315,Marca,Almacén,10,5.0
SKU0316,Producto 316,Marca,Almacén,10,5.0
SKU0317,Producto 317,Marca,Almacén,10,5.0
SKU0318,Producto 318,Marca,Almacén,10,5.0
SKU0319,Producto 319,Marca,Almacén,10,5.0
SKU0320,Producto 320,Marca,Almacén,10,5.0
SKU0321,Producto 321,Marca,Almacén,10,5.0
SKU0322,Producto 322,Marca,Almacén,10,5.0
SKU0323,Producto 323,Marca,Almacén,10,5.0
SKU0324,Producto 324,Marca,Almacén,10,5.0
SKU0325,Producto 325,Marca,Almacén,10,5.0
SKU0326,Producto 326,Marca,Almacén,10,5.0
SKU0327,Producto 327,Marca,Almacén,10,5.0
SKU0328,Producto 328,Marca,Almacén,10,5.0
SKU0329,Producto 329,Marca,Almacén,10,5.0
SKU0330,Producto 330,Marca,Almacén,10,5.0
SKU0331,Producto 331,Marca,Almacén,10,5.0
SKU0332,Producto 332,Marca,Almacén,10,5.0
SKU0333,Producto 333,Marca,Almacén,10,5.0
SKU0334,Producto 334,Marca,Almacén,10,5.0
SKU0335,Producto 335,Marca,Almacén,10,5.0
SKU0336,Producto 336,Marca,Almacén,10,5.0
SKU0337,Producto 337,Marca,Almacén,10,5.0
SKU0338,Producto 338,Marca,Almacén,10,5.0
SKU0339,Producto 339,Marca,Almacén,10,5.0
SKU0340,Producto 340,Marca,Almacén,10,5.0
SKU0341,Producto 341,Marca,Almacén,10,5.0
SKU0342,Producto 342,Marca,Almacén,10,5.0
SKU0343,Producto 343,Marca,Almacén,10,5.0
SKU0344,Producto 344,Marca,Almacén,10,5.0
SKU0345,Producto 345,Marca,Almacén,10,5.0
SKU0346,Producto 346,Marca,Almacén,10,5.0
SKU0347,Producto 347,Marca,Almacén,10,5.0
SKU0348,Producto 348,Marca,Almacén,10,5.0
SKU0349,Producto 349,Marca,Almacén,10,5.0
SKU0350,Producto 350,Marca,Almacén,10,5.0
SKU0351,Producto 351,Marca,Almacén,10,5.0
SKU0352,Producto 352,Marca,Almacén,10,5.0
SKU0353,Producto 353,Marca,Almacén,10,5.0
SKU0354,Producto 354,Marca,Almacén,10,5.0
SKU0355,Producto 355,Marca,Almacén,10,5.0
SKU0356,Producto 356,Marca,Almacén,10,5.0
SKU0357,Producto 357,Marca,Almacén,10,5.0
SKU0358,Producto 358,Marca,Almacén,10,5.0
SKU0359,Producto 359,Marca,Almacén,10,5.0
SKU0360,Producto 360,Marca,Almacén,10,5.0
SKU0361,Producto 361,Marca,Almacén,10,5.0
SKU0362,Producto 362,Marca,Almacén,10,5.0
SKU0363,Producto 363,Marca,Almacén,10,5.0
SKU0364,Producto 364,Marca,Almacén,10,5.0
SKU0365,Producto 365,Marca,Almacén,10,5.0
SKU0366,Producto 366,Marca,Almacén,10,5.0
SKU0367,Producto 367,Marca,Almacén,10,5.0
SKU0368,Producto 368,Marca,Almacén,10,5.0
SKU0369,Producto 369,Marca,Almacén,10,5.0
SKU0370,Producto 370,Marca,Almacén,10,5.0
SKU0371,Producto 371,Marca,Almacén,10,5.0
SKU0372,Producto 372,Marca,Almacén,10,5.0
SKU0373,Producto 373,Marca,Almacén,10,5.0
SKU0374,Producto 374,Marca,Almacén,10,5.0
SKU0375,Producto 375,Marca,Almacén,10,5.0
SKU0376,Producto 376,Marca,Almacén,10,5.0
SKU0377,Producto 377,Marca,Almacén,10,5.0
SKU0378,Producto 378,Marca,Almacén,10,5.0
SKU0379,Producto 379,Marca,Almacén,10,5.0
SKU0380,Producto 380,Marca,Almacén,10,5.0
SKU0381,Producto 381,Marca,Almacén,10,5.0
SKU0382,Producto 382,Marca,Almacén,10,5.0
SKU0383,Producto 383,Marca,Almacén,10,5.0
SKU0384,Producto 384,Marca,Almacén,10,5.0
SKU0385,Producto 385,Marca,Almacén,10,5.0
SKU0386,Producto 386,Marca,Almacén,10,5.0
SKU0387,Producto 387,Marca,Almacén,10,5.0
SKU0388,Producto 388,Marca,Almacén,10,5.0
SKU0389,Producto 389,Marca,Almacén,10,5.0
SKU0390,Producto 390,Marca,Almacén,10,5.0
SKU0391,Producto 391,Marca,Almacén,10,5.0
SKU0392,Producto 392,Marca,Almacén,10,5.0
SKU0393,Producto 393,Marca,Almacén,10,5.0
SKU0394,Producto 394,Marca,Almacén,10,5.0
SKU0395,Producto 395,Marca,Almacén,10,5.0
SKU0396,Producto 396,Marca,Almacén,10,5.0
SKU0397,Producto 397,Marca,Almacén,10,5.0
SKU0398,Producto 398,Marca,Almacén,10,5.0
SKU0399,Producto 399,Marca,Almacén,10,5.0
SKU0400,Producto 400,Marca,Almacén,10,5.0
SKU0401,Producto 401,Marca,Almacén,10,5.0
SKU0402,Producto 402,Marca,Almacén,10,5.0
SKU0403,Producto 403,Marca,Almacén,10,5.0
SKU0404,Producto 404,Marca,Almacén,10,5.0
SKU0405,Producto 405,Marca,Almacén,10,5.0
SKU0406,Producto 406,Marca,Almacén,10,5.0
SKU0407,Producto 407,Marca,Almacén,10,5.0
SKU0408,Producto 408,Marca,Almacén,10,5.0
SKU0409,Producto 409,Marca,Almacén,10,5.0
SKU0410,Producto 410,Marca,Almacén,10,5.0
SKU0411,Producto 411,Marca,Almacén,10,5.0
SKU0412,Producto 412,Marca,Almacén,10,5.0
SKU0413,Producto 413,Marca,Almacén,10,5.0
SKU0414,Producto 414,Marca,Almacén,10,5.0
SKU0415,Producto 415,Marca,Almacén,10,5.0
SKU0416,Producto 416,Marca,Almacén,10,5.0
SKU0417,Producto 417,Marca,Almacén,10,5.0
SKU0418,Producto 418,Marca,Almacén,10,5.0
SKU0419,Producto 419,Marca,Almacén,10,5.0
SKU0420,Producto 420,Marca,Almacén,10,5.0
SKU0421,Producto 421,Marca,Almacén,10,5.0
SKU0422,Producto 422,Marca,Almacén,10,5.0
SKU0423,Producto 423,Marca,Almacén,10,5.0
SKU0424,Producto 424,Marca,Almacén,10,5.0
SKU0425,Producto 425,Marca,Almacén,10,5.0
SKU0426,Producto 426,Marca,Almacén,10,5.0
SKU0427,Producto 427,Marca,Almacén,10,5.0
SKU0428,Producto 428,Marca,Almacén,10,5.0
SKU0429,Producto 429,Marca,Almacén,10,5.0
SKU0430,Producto 430,Marca,Almacén,10,5.0
SKU0431,Producto 431,Marca,Almacén,10,5.0
SKU0432,Producto 432,Marca,Almacén,10,5.0
SKU0433,Producto 433,Marca,Almacén,10,5.0
SKU0434,Producto 434,Marca,Almacén,10,5.0
SKU0435,Producto 435,Marca,Almacén,10,5.0
SKU0436,Producto 436,Marca,Almacén,10,5.0
SKU0437,Producto 437,Marca,Almacén,10,5.0
SKU0438,Producto 438,Marca,Almacén,10,5.0
SKU0439,Producto 439,Marca,Almacén,10,5.0
SKU0440,Producto 440,Marca,Almacén,10,5.0
SKU0441,Producto 441,Marca,Almacén,10,5.0
SKU0442,Producto 442,Marca,Almacén,10,5.0
SKU0443,Producto 443,Marca,Almacén,10,5.0
SKU0444,Producto 444,Marca,Almacén,10,5.0
SKU0445,Producto 445,Marca,Almacén,10,5.0
SKU0446,Producto 446,Marca,Almacén,10,5.0
SKU0447,Producto 447,Marca,Almacén,10,5.0
SKU0448,Producto 448,Marca,Almacén,10,5.0
SKU0449,Producto 449,Marca,Almacén,10,5.0
SKU0450,Producto 450,Marca,Almacén,10,5.0
SKU0451,Producto 451,Marca,Almacén,10,5.0
SKU0452,Producto 452,Marca,Almacén,10,5.0
SKU0453,Producto 453,Marca,Almacén,10,5.0
SKU0454,Producto 454,Marca,Almacén,10,5.0
SKU0455,Producto 455,Marca,Almacén,10,5.0
SKU0456,Producto 456,Marca,Almacén,10,5.0
SKU0457,Producto 457,Marca,Almacén,10,5.0
SKU0458,Producto 458,Marca,Almacén,10,5.0
SKU0459,Producto 459,Marca,Almacén,10,5.0
SKU0460,Producto 460,Marca,Almacén,10,5.0
SKU0461,Producto 461,Marca,Almacén,10,5.0
SKU0462,Producto 462,Marca,Almacén,10,5.0
SKU0463,Producto 463,Marca,Almacén,10,5.0
SKU0464,Producto 464,Marca,Almacén,10,5.0
SKU0465,Producto 465,Marca,Almacén,10,5.0
SKU0466,Producto 466,Marca,Almacén,10,5.0
SKU0467,Producto 467,Marca,Almacén,10,5.0
SKU0468,Producto 468,Marca,Almacén,10,5.0
SKU0469,Producto 469,Marca,Almacén,10,5.0
SKU0470,Producto 470,Marca,Almacén,10,5.0
SKU0471,Producto 471,Marca,Almacén,10,5.0
SKU0472,Producto 472,Marca,Almacén,10,5.0
SKU0473,Producto 473,Marca,Almacén,10,5.0
SKU0474,Producto 474,Marca,Almacén,10,5.0
SKU0475,Producto 475,Marca,Almacén,10,5.0
SKU0476,Producto 476,Marca,Almacén,10,5.0
SKU0477,Producto 477,Marca,Almacén,10,5.0
SKU0478,Producto 478,Marca,Almacén,10,5.0
SKU0479,Producto 479,Marca,Almacén,10,5.0
SKU0480,Producto 480,Marca,Almacén,10,5.0
SKU0481,Producto 481,Marca,Almacén,10,5.0
SKU0482,Producto 482,Marca,Almacén,10,5.0
SKU0483,Producto 483,Marca,Almacén,10,5.0
SKU0484,Producto 484,Marca,Almacén,10,5.0
SKU0485,Producto 485,Marca,Almacén,10,5.0
SKU0486,Producto 486,Marca,Almacén,10,5.0
SKU0487,Producto 487,Marca,Almacén,10,5.0
SKU0488,Producto 488,Marca,Almacén,10,5.0
SKU0489,Producto 489,Marca,Almacén,10,5.0
SKU0490,Producto 490,Marca,Almacén,10,5.0
SKU0491,Producto 491,Marca,Almacén,10,5.0
SKU0492,Producto 492,Marca,Almacén,10,5.0
SKU0493,Producto 493,Marca,Almacén,10,5.0
SKU0494,Producto 494,Marca,Almacén,10,5.0
SKU0495,Producto 495,Marca,Almacén,10,5.0
SKU0496,Producto 496,Marca,Almacén,10,5.0
SKU0497,Producto 497,Marca,Almacén,10,5.0
SKU0498,Producto 498,Marca,Almacén,10,5.0
SKU0499,Producto 499,Marca,Almacén,10,5.0
